"hfpxzc href","qBF1Pd","W4Efsd 2","W4Efsd 3"
"https://www.google.com/maps/place/Otob%C3%BCs+Dura%C4%9F%C4%B1/data=!4m7!3m6!1s0x14d348ae2cc54107:0x16b0b296353bd827!8m2!3d39.910934!4d32.800035!16s%2Fg%2F11byck02dr!19sChIJB0HFLK5I0xQRJ9g7NZaysBY?authuser=0&hl=tr&rclk=1","Otobüs Durağı","·","2168. Sk."
"https://www.google.com/maps/place/Otob%C3%BCs+Dura%C4%9F%C4%B1/data=!4m7!3m6!1s0x14d348a507947b15:0x4309ab0d2f156675!8m2!3d39.910693!4d32.794948!16s%2Fg%2F11b7q3srmr!19sChIJFXuUB6VI0xQRdWYVLw2rCUM?authuser=0&hl=tr&rclk=1","Otobüs Durağı","·","2177. Cad."
"https://www.google.com/maps/place/Otob%C3%BCs+Dura%C4%9F%C4%B1/data=!4m7!3m6!1s0x14d34f3962153a03:0x351e013ef2734a79!8m2!3d39.917614!4d32.823526!16s%2Fg%2F11b7qf3byw!19sChIJAzoVYjlP0xQReUpz8j4BHjU?authuser=0&hl=tr&rclk=1","Otobüs Durağı","·","Bosna Hersek Cd."
"https://www.google.com/maps/place/Otob%C3%BCs+Dura%C4%9F%C4%B1/data=!4m7!3m6!1s0x14d3489bfe98e3e3:0x50bbb2050aff7758!8m2!3d39.913344!4d32.779981!16s%2Fg%2F11b7q8s4qr!19sChIJ4-OY_ptI0xQRWHf_CgWyu1A?authuser=0&hl=tr&rclk=1","Otobüs Durağı","·","Şht. Öğretmen Şenay Aybüke Yalçın Cd."
"https://www.google.com/maps/place/Otob%C3%BCs+Dura%C4%9F%C4%B1/data=!4m7!3m6!1s0x14d34f04bb2e15e3:0xc0f5fdf87781faa7!8m2!3d39.9200329!4d32.843217!16s%2Fg%2F11b7q85zdy!19sChIJ4xUuuwRP0xQRp_qBd_j99cA?authuser=0&hl=tr&rclk=1","Otobüs Durağı","·","90. Sk."
"https://www.google.com/maps/place/Otob%C3%BCs+Dura%C4%9F%C4%B1/data=!4m7!3m6!1s0x14d3463f968870b3:0xc9b451c31587bcac!8m2!3d39.889761!4d32.78407!16s%2Fg%2F11b7qc8hk_!19sChIJs3CIlj9G0xQRrLyHFcNRtMk?authuser=0&hl=tr&rclk=1","Otobüs Durağı","·","ODTÜ İnşaat"
"https://www.google.com/maps/place/Otob%C3%BCs+Dura%C4%9F%C4%B1/data=!4m7!3m6!1s0x14d34607fbc3b79f:0x7397c0b8362bed94!8m2!3d39.890742!4d32.808037!16s%2Fg%2F11b7q4lnf3!19sChIJn7fD-wdG0xQRlO0rNrjAl3M?authuser=0&hl=tr&rclk=1","Otobüs Durağı","·","1487. Sk."
"https://www.google.com/maps/place/Otob%C3%BCs+Dura%C4%9F%C4%B1/data=!4m7!3m6!1s0x14d34faeb49d5dd7:0xbbffefd09dac36b3!8m2!3d39.914642!4d32.859342!16s%2Fg%2F11b7q9v3jg!19sChIJ112dtK5P0xQRszasndDv_7s?authuser=0&hl=tr&rclk=1","Otobüs Durağı","·","Bankacı Sk."
"https://www.google.com/maps/place/Otob%C3%BCs+Dura%C4%9F%C4%B1/data=!4m7!3m6!1s0x14d348cca3364c55:0xb6cf4d06c0733c7d!8m2!3d39.92338!4d32.807296!16s%2Fg%2F11b7pzkwtc!19sChIJVUw2o8xI0xQRfTxzwAZNz7Y?authuser=0&hl=tr&rclk=1","Otobüs Durağı","·","9. Sk"
"https://www.google.com/maps/place/Otob%C3%BCs+Dura%C4%9F%C4%B1/data=!4m7!3m6!1s0x14d3456e3e898dab:0x3e556e75935e8e59!8m2!3d39.868669!4d32.865975!16s%2Fg%2F11bycdn48m!19sChIJq42JPm5F0xQRWY5ek3VuVT4?authuser=0&hl=tr&rclk=1","Otobüs Durağı","·","Konrad Adenauer Cd."
"https://www.google.com/maps/place/Otob%C3%BCs+Dura%C4%9F%C4%B1/data=!4m7!3m6!1s0x14d347052b709717:0x24140a6cb5e0ddc8!8m2!3d39.870596!4d32.754531!16s%2Fg%2F11bycl68qm!19sChIJF5dwKwVH0xQRyN3gtWwKFCQ?authuser=0&hl=tr&rclk=1","Otobüs Durağı","·","3. Cd"
"https://www.google.com/maps/place/11.+Durak/data=!4m7!3m6!1s0x14d3489892ca36c9:0x7ee58ae1daced7c6!8m2!3d39.913299!4d32.784486!16s%2Fg%2F11b7q5_j20!19sChIJyTbKkphI0xQRxtfO2uGK5X4?authuser=0&hl=tr&rclk=1","11. Durak","·","Şht. Öğretmen Şenay Aybüke Yalçın Cd."
"https://www.google.com/maps/place/Otob%C3%BCs+Dura%C4%9F%C4%B1/data=!4m7!3m6!1s0x14d347cbf47987d7:0x788a7912f42630ba!8m2!3d39.901082!4d32.7588579!16s%2Fg%2F11b7q30ftl!19sChIJ14d59MtH0xQRujAm9BJ5ing?authuser=0&hl=tr&rclk=1","Otobüs Durağı","·","Atatürk Eğitim ve Araştırma Hst."
"https://www.google.com/maps/place/Otob%C3%BCs+Dura%C4%9F%C4%B1/data=!4m7!3m6!1s0x14d3457bf787f733:0xdc64f3c903a1dfff!8m2!3d39.878391!4d32.859921!16s%2Fg%2F11b7q6zws8!19sChIJM_eH93tF0xQR_9-hA8nzZNw?authuser=0&hl=tr&rclk=1","Otobüs Durağı","·","Kişinev Cd."
"https://www.google.com/maps/place/Otob%C3%BCs+Dura%C4%9F%C4%B1/data=!4m7!3m6!1s0x14d34574539823e1:0x26df08bce7505090!8m2!3d39.868396!4d32.856614!16s%2Fg%2F11b7q3svt2!19sChIJ4SOYU3RF0xQRkFBQ57wI3yY?authuser=0&hl=tr&rclk=1","Otobüs Durağı","·","696. Sk."
"https://www.google.com/maps/place/Otob%C3%BCs+Dura%C4%9F%C4%B1/data=!4m7!3m6!1s0x14d3450089aaadd7:0x1812648118de1707!8m2!3d39.850447!4d32.854458!16s%2Fg%2F11bycj20tp!19sChIJ162qiQBF0xQRBxfeGIFkEhg?authuser=0&hl=tr&rclk=1","Otobüs Durağı","·","Galip Erdem Cd."
"https://www.google.com/maps/place/Otob%C3%BCs+Dura%C4%9F%C4%B1/data=!4m7!3m6!1s0x14d345cc88121a3d:0x82919ad874adca91!8m2!3d39.859723!4d32.824621!16s%2Fg%2F11b7q7vxbq!19sChIJPRoSiMxF0xQRkcqtdNiakYI?authuser=0&hl=tr&rclk=1","Otobüs Durağı","·","928. Sk."
"https://www.google.com/maps/place/Otob%C3%BCs+Dura%C4%9F%C4%B1/data=!4m7!3m6!1s0x14d3455e335a4d9f:0x226b88650cb7d529!8m2!3d39.875279!4d32.877158!16s%2Fg%2F11b7q7nsq6!19sChIJn01aM15F0xQRKdW3DGWIayI?authuser=0&hl=tr&rclk=1","Otobüs Durağı","·","448. Cd."
"https://www.google.com/maps/place/49.+Durak/data=!4m7!3m6!1s0x14d348d1e74dabbd:0x467b0e8f64c9d33d!8m2!3d39.929585!4d32.801451!16s%2Fg%2F11b7q5zjvm!19sChIJvatN59FI0xQRPdPJZI8Oe0Y?authuser=0&hl=tr&rclk=1","49. Durak","·","Alparslan Türkeş Cd"
"https://www.google.com/maps/place/Otob%C3%BCs+Dura%C4%9F%C4%B1/data=!4m7!3m6!1s0x14d34748e8fff9a7:0xc2403a76f908f525!8m2!3d39.8559011!4d32.7374078!16s%2Fg%2F11b7q909q8!19sChIJp_n_6EhH0xQRJfUI-XY6QMI?authuser=0&hl=tr&rclk=1","Otobüs Durağı","·","Hasan Kılavuz Cd."
"https://www.google.com/maps/place/Otob%C3%BCs+Dura%C4%9F%C4%B1/data=!4m7!3m6!1s0x14d347165b8ef111:0x13a19d951a6672c6!8m2!3d39.865194!4d32.748164!16s%2Fg%2F11bycl293r!19sChIJEfGOWxZH0xQRxnJmGpWdoRM?authuser=0&hl=tr&rclk=1","Otobüs Durağı","·","Bilkent 8. Cd."
"https://www.google.com/maps/place/Odt%C3%BC+Demiray+Yurtlar%C4%B1+Otob%C3%BCs+Dura%C4%9F%C4%B1/data=!4m7!3m6!1s0x14d346443645f771:0xdd107842389d769a!8m2!3d39.885051!4d32.777898!16s%2Fg%2F11b7q6_1cn!19sChIJcfdFNkRG0xQRmnadOEJ4EN0?authuser=0&hl=tr&rclk=1","Odtü Demiray Yurtları Otobüs Durağı","·","ODTÜ"
"https://www.google.com/maps/place/A%C5%9Fti/data=!4m7!3m6!1s0x14d34f367f1575d7:0x19ecfece1aa24243!8m2!3d39.9185997!4d32.8143139!16s%2Fg%2F11b7q5vstc!19sChIJ13UVfzZP0xQRQ0KiGs7-7Bk?authuser=0&hl=tr&rclk=1","Aşti","·","Mevlana Blv."
"https://www.google.com/maps/place/12.+Durak/data=!4m7!3m6!1s0x14d34fb1b4f58f8b:0xd8046542813153bd!8m2!3d39.911067!4d32.866514!16s%2Fg%2F11bycg5q3d!19sChIJi4_1tLFP0xQRvVMxgUJlBNg?authuser=0&hl=tr&rclk=1","12. Durak","·","Bülbülderesi Cd."
"https://www.google.com/maps/place/25.+Durak/data=!4m7!3m6!1s0x14d34f1a733d9c13:0x2163923efe36fe42!8m2!3d39.918024!4d32.83815!16s%2Fg%2F11b7q5dfr3!19sChIJE5w9cxpP0xQRQv42_j6SYyE?authuser=0&hl=tr&rclk=1","25. Durak","·","Mareşal Fevzi Çakmak Cd."
"https://www.google.com/maps/place/67.+Durak/data=!4m7!3m6!1s0x14d34e5435d3e5af:0x6011b782f350c520!8m2!3d39.924518!4d32.856722!16s%2Fg%2F11b7q7z88j!19sChIJr-XTNVRO0xQRIMVQ84K3EWA?authuser=0&hl=tr&rclk=1","67. Durak","·","Mithatpaşa Cd."
"https://www.google.com/maps/place/10.+Durak/data=!4m7!3m6!1s0x14d34f211ad2e915:0xe559b35595ae95e3!8m2!3d39.927467!4d32.827483!16s%2Fg%2F11b7q2wnlr!19sChIJFenSGiFP0xQR45WulVWzWeU?authuser=0&hl=tr&rclk=1","10. Durak","·","Prof. Muammer Aksoy Cd"
"https://www.google.com/maps/place/33.+Durak/data=!4m7!3m6!1s0x14d34628877ebbcb:0xf07076db7b2e75ca!8m2!3d39.9080252!4d32.7740217!16s%2Fg%2F11b7q8j5cw!19sChIJy7t-hyhG0xQRynUue9t2cPA?authuser=0&hl=tr&rclk=1","33. Durak","·","Dumlupınar Blv."
"https://www.google.com/maps/place/34.+Durak/data=!4m7!3m6!1s0x14d34f270239fa49:0x4807baf7c6a40a32!8m2!3d39.929466!4d32.822974!16s%2Fg%2F11bych7djt!19sChIJSfo5AidP0xQRMgqkxve6B0g?authuser=0&hl=tr&rclk=1","34. Durak","·","Kazakistan Cd."
"https://www.google.com/maps/place/58.+Durak/data=!4m7!3m6!1s0x14d34f191718aa8b:0xb2a411eae5a8ec10!8m2!3d39.921739!4d32.8337672!16s%2Fg%2F11b7q247z2!19sChIJi6oYFxlP0xQREOyo5eoRpLI?authuser=0&hl=tr&rclk=1","58. Durak","·","Mareşal Fevzi Çakmak Cd."
"https://www.google.com/maps/place/Evler+Dura%C4%9F%C4%B1/data=!4m7!3m6!1s0x14d344e53bf89d8d:0xb9e3488151ac23d2!8m2!3d39.836539!4d32.866188!16s%2Fg%2F11bycrtdfw!19sChIJjZ34O-VE0xQR0iOsUYFI47k?authuser=0&hl=tr&rclk=1","Evler Durağı","·","Karataş Köyü Yolu"
"https://www.google.com/maps/place/20.+Durak/data=!4m7!3m6!1s0x14d34f193e52efd9:0x3a73347fd6dbf57f!8m2!3d39.9218299!4d32.8336383!16s%2Fg%2F11byck6cz9!19sChIJ2e9SPhlP0xQRf_Xb1n80czo?authuser=0&hl=tr&rclk=1","20. Durak","·","Mareşal Fevzi Çakmak Cd."
"https://www.google.com/maps/place/17.+Durak/data=!4m7!3m6!1s0x14d3458c80363549:0x51537856c630e72d!8m2!3d39.886766!4d32.833692!16s%2Fg%2F11b7q944g5!19sChIJSTU2gIxF0xQRLecwxlZ4U1E?authuser=0&hl=tr&rclk=1","17. Durak","·","Ahmet Haşim Cd."
"https://www.google.com/maps/place/36.+Durak/data=!4m7!3m6!1s0x14d34f2528fac7ff:0xd129f3dd0439caeb!8m2!3d39.9231229!4d32.822336!16s%2Fg%2F11b7q5k518!19sChIJ_8f6KCVP0xQR68o5BN3zKdE?authuser=0&hl=tr&rclk=1","36. Durak","·","Kazakistan Cd."
"https://www.google.com/maps/place/Odt%C3%BC+Fizik+B%C3%B6l%C3%BCm%C3%BC+Otob%C3%BCs+Dura%C4%9F%C4%B1/data=!4m7!3m6!1s0x14d3463c1c856783:0xcc2fadc4779b0a0a!8m2!3d39.894567!4d32.781079!16s%2Fg%2F11b7q6pzfn!19sChIJg2eFHDxG0xQRCgqbd8StL8w?authuser=0&hl=tr&rclk=1","Odtü Fizik Bölümü Otobüs Durağı","·","ODTÜ Fizik"
"https://www.google.com/maps/place/Rekt%C3%B6rl%C3%BCk+Otob%C3%BCs+Durak/data=!4m7!3m6!1s0x14d3463d0dc3c8f3:0x7d9ac152b03d5447!8m2!3d39.896127!4d32.784177!16s%2Fg%2F11b7q4lr40!19sChIJ88jDDT1G0xQRR1Q9sFLBmn0?authuser=0&hl=tr&rclk=1","Rektörlük Otobüs Durak","·","ODTÜ Kampüsü"
"https://www.google.com/maps/place/44.+Durak/data=!4m7!3m6!1s0x14d34f1b8d6bc0b5:0x8c7f7f32f5a5e9b6!8m2!3d39.921717!4d32.838169!16s%2Fg%2F11b7q3shx2!19sChIJtcBrjRtP0xQRtuml9TJ_f4w?authuser=0&hl=tr&rclk=1","44. Durak","·","Spor Park Cd."
"https://www.google.com/maps/place/Otob%C3%BCs+Dura%C4%9F%C4%B1/data=!4m7!3m6!1s0x14d34f4a0112d699:0xeab9cd9267a4ef37!8m2!3d39.915931!4d32.813861!16s%2Fg%2F11b7q3my43!19sChIJmdYSAUpP0xQRN--kZ5LNueo?authuser=0&hl=tr&rclk=1","Otobüs Durağı","·","Mevlana Blv."
"https://www.google.com/maps/place/34.+Durak/data=!4m7!3m6!1s0x14d34efe2718f9bf:0x1426666b7cd9db09!8m2!3d39.923259!4d32.849795!16s%2Fg%2F11b7q1qg8s!19sChIJv_kYJ_5O0xQRCdvZfGtmJhQ?authuser=0&hl=tr&rclk=1","34. Durak","·","Gazi Mustafa Kemal Blv."
"https://www.google.com/maps/place/22.+Durak/data=!4m7!3m6!1s0x14d345beae7b0f3b:0xfe74b1d9b231bef2!8m2!3d39.867967!4d32.836097!16s%2Fg%2F11b7q3smm4!19sChIJOw97rr5F0xQR8r4xstmxdP4?authuser=0&hl=tr&rclk=1","22. Durak","·","931. Cd."
"https://www.google.com/maps/place/K%C4%B1z%C4%B1l%C4%B1rmak/data=!4m7!3m6!1s0x14d34f52b4a41bb1:0xcefc1b0df8150bd3!8m2!3d39.90768!4d32.80841!16s%2Fg%2F11b7q0gj2k!19sChIJsRuktFJP0xQR0wsV-A0b_M4?authuser=0&hl=tr&rclk=1","Kızılırmak","·","Ufuk Ünv. Cd"
"https://www.google.com/maps/place/21.+Durak/data=!4m7!3m6!1s0x14d34fbb8c4e7ab5:0x9054818ad56744f8!8m2!3d39.90369!4d32.868854!16s%2Fg%2F11b7q6lb9p!19sChIJtXpOjLtP0xQR-ERn1YqBVJA?authuser=0&hl=tr&rclk=1","21. Durak","·","Reşit Galip Cd."
"https://www.google.com/maps/place/Odt%C3%BC+%C4%B0n%C5%9Faat+M%C3%BChendisli%C4%9Fi+Otob%C3%BCs+Dura%C4%9F%C4%B1/data=!4m7!3m6!1s0x14d3464073f537f5:0x9dc2351daaa654b!8m2!3d39.888426!4d32.784201!16s%2Fg%2F11b7p_gyx6!19sChIJ9Tf1c0BG0xQRS2Wq2lEj3Ak?authuser=0&hl=tr&rclk=1","Odtü İnşaat Mühendisliği Otobüs Durağı","·","ODTÜ Kampüsü"
"https://www.google.com/maps/place/2.+Durak/data=!4m7!3m6!1s0x14d34f372e645a5f:0xd28ab70ff01216b!8m2!3d39.919268!4d32.817471!16s%2Fg%2F11b7q7sw1f!19sChIJX1pkLjdP0xQRayEB_3CrKA0?authuser=0&hl=tr&rclk=1","2. Durak","·","Bişkek Cd."
"https://www.google.com/maps/place/Maden+Tetkik+Arama/data=!4m7!3m6!1s0x14d348a5ed053b8f:0x6066e0ac34580412!8m2!3d39.908904!4d32.796374!16s%2Fg%2F11bycjy5x5!19sChIJjzsF7aVI0xQREgRYNKzgZmA?authuser=0&hl=tr&rclk=1","Maden Tetkik Arama","·","Dumlupınar Blv."
"https://www.google.com/maps/place/Adli%CC%87ye/data=!4m7!3m6!1s0x14d34899a5eab8b5:0xe99f2584ad521193!8m2!3d39.915013!4d32.782269!16s%2Fg%2F11v9d20zzb!19sChIJtbjqpZlI0xQRkxFSrYQln-k?authuser=0&hl=tr&rclk=1","Adli̇ye","",""
"https://www.google.com/maps/place/28.+Durak/data=!4m7!3m6!1s0x14d34fb729164d2d:0x392d44ca7df8b29!8m2!3d39.9093!4d32.870966!16s%2Fg%2F11bycl9178!19sChIJLU0WKbdP0xQRKYvfp0zUkgM?authuser=0&hl=tr&rclk=1","28. Durak","·","Bağlar Cd."
"https://www.google.com/maps/place/Eski+Son+Durak/data=!4m7!3m6!1s0x14d34fc31eefc47b:0x3c67aa4bffcf350a!8m2!3d39.8956353!4d32.8858241!16s%2Fg%2F11c0x8zryk!19sChIJe8TvHsNP0xQRCjXP_0uqZzw?authuser=0&hl=tr&rclk=1","Eski Son Durak","",""
"https://www.google.com/maps/place/Otelcilik+Okulu/data=!4m7!3m6!1s0x14d345f62a7ece2f:0x5723a9ab123598!8m2!3d39.8949!4d32.82275!16s%2Fg%2F11b7q5vpx0!19sChIJL85-KvZF0xQRmDUSq6kjVwA?authuser=0&hl=tr&rclk=1","Otelcilik Okulu","·","Çetin Emeç Blv"
"https://www.google.com/maps/place/Pazar+Dura%C4%9F%C4%B1/data=!4m7!3m6!1s0x14d3460ff3c1f6e3:0xa488ff9da9ee935b!8m2!3d39.893014!4d32.79831!16s%2Fg%2F11fhr72_t9!19sChIJ4_bB8w9G0xQRW5PuqZ3_iKQ?authuser=0&hl=tr&rclk=1","Pazar Durağı","",""
"https://www.google.com/maps/place/Azerbaycan+Caddesi/data=!4m7!3m6!1s0x14d34edf542ee477:0x5f551cefcb1edb6b!8m2!3d39.9310079!4d32.8258044!16s%2Fg%2F11c55bjtg_!19sChIJd-QuVN9O0xQRa9sey-8cVV8?authuser=0&hl=tr&rclk=1","Azerbaycan Caddesi","·","Azerbaycan Cd. No:4"
"https://www.google.com/maps/place/37.+Durak/data=!4m7!3m6!1s0x14d34f28e97a2079:0xe50ae4e18b216604!8m2!3d39.929972!4d32.817932!16s%2Fg%2F11b7q7ntfc!19sChIJeSB66ShP0xQRBGYhi-HkCuU?authuser=0&hl=tr&rclk=1","37. Durak","·","Mevlana Blv."
"https://www.google.com/maps/place/Merkez+%C3%87ar%C5%9F%C4%B1/data=!4m7!3m6!1s0x14d346052a411729:0xd0bd6dfc8d2eaebb!8m2!3d39.895958!4d32.797415!16s%2Fg%2F11txvnlltl!19sChIJKRdBKgVG0xQRu64ujfxtvdA?authuser=0&hl=tr&rclk=1","Merkez Çarşı","",""
"https://www.google.com/maps/place/Be%C5%9Fevler+Metro+Dura%C4%9F%C4%B1/data=!4m7!3m6!1s0x14d34ede5113f1e5:0x5066fcf7180ee67d!8m2!3d39.9325!4d32.82868!16s%2Fg%2F11b7q9045c!19sChIJ5fETUd5O0xQRfeYOGPf8ZlA?authuser=0&hl=tr&rclk=1","Beşevler Metro Durağı","·","Dögol Cd."
"https://www.google.com/maps/place/Pazar+Dura%C4%9F%C4%B1/data=!4m7!3m6!1s0x14d345c0ecc8d099:0x62092dce7eda23ea!8m2!3d39.8712199!4d32.8294994!16s%2Fg%2F11b7q2hxw0!19sChIJmdDI7MBF0xQR6iPafs4tCWI?authuser=0&hl=tr&rclk=1","Pazar Durağı","·","Dikmen Cd"
"https://www.google.com/maps/place/%C4%B0lker+Son+Durak/data=!4m7!3m6!1s0x14d345c56e55378b:0xc31d21eb07476047!8m2!3d39.8683269!4d32.8217156!16s%2Fg%2F1tf90j1q!19sChIJizdVbsVF0xQRR2BHB-shHcM?authuser=0&hl=tr&rclk=1","İlker Son Durak","·","1121. Sk. No:8"
"https://www.google.com/maps/place/41.+Durak/data=!4m7!3m6!1s0x14d35a5804d7108f:0xb2f8c03064a58bcc!8m2!3d39.829!4d32.944435!16s%2Fg%2F11b7q5ksn4!19sChIJjxDXBFha0xQRzIulZDDA-LI?authuser=0&hl=tr&rclk=1","41. Durak","",""
"https://www.google.com/maps/place/Vergi+Denetim+Kurulu+Ba%C5%9Fkanl%C4%B1%C4%9F%C4%B1/data=!4m7!3m6!1s0x14d348a41dc54a11:0x44dc0a25345296b6!8m2!3d39.9092037!4d32.7925184!16s%2Fg%2F11b7q5g4ny!19sChIJEUrFHaRI0xQRtpZSNCUK3EQ?authuser=0&hl=tr&rclk=1","Vergi Denetim Kurulu Başkanlığı","·","Dumlupınar Blv."
"https://www.google.com/maps/place/Evler+Dura%C4%9F%C4%B1/data=!4m7!3m6!1s0x14d344e5162b1353:0x5c2c5c5ff77d0f40!8m2!3d39.83661!4d32.86628!16s%2Fg%2F11c1qpqvl5!19sChIJUxMrFuVE0xQRQA99919cLFw?authuser=0&hl=tr&rclk=1","Evler Durağı","",""
"https://www.google.com/maps/place/Gazi+Otob%C3%BCs+Dura%C4%9F%C4%B1/data=!4m7!3m6!1s0x14d34ec37e06e911:0xbf4858225617aaf6!8m2!3d39.9421159!4d32.8254026!16s%2Fg%2F11d_2h3n68!19sChIJEekGfsNO0xQR9qoXViJYSL8?authuser=0&hl=tr&rclk=1","Gazi Otobüs Durağı","",""
"https://www.google.com/maps/place/Bi%C5%9Fkek+Cd.+1.+Durak/data=!4m7!3m6!1s0x14d34f2627f2b5a7:0xb042de1a3911056a!8m2!3d39.92973!4d32.819772!16s%2Fg%2F11b7q8ly9z!19sChIJp7XyJyZP0xQRagURORreQrA?authuser=0&hl=tr&rclk=1","Bişkek Cd. 1. Durak","·","Bişkek Cd."
"https://www.google.com/maps/place/Ho%C5%9Fdere+Camii/data=!4m7!3m6!1s0x14d34f74cebd13b1:0x29d6274890e300b9!8m2!3d39.90441!4d32.84978!16s%2Fg%2F11b7q29wxp!19sChIJsRO9znRP0xQRuQDjkEgn1ik?authuser=0&hl=tr&rclk=1","Hoşdere Camii","·","Hoşdere Cd."
"https://www.google.com/maps/place/Havaliman%C4%B1+Otob%C3%BCs+Dura%C4%9F%C4%B1/data=!4m7!3m6!1s0x14d34faa88404885:0xad3f08120e6b5a0b!8m2!3d39.9194638!4d32.8543371!16s%2Fg%2F11c2y83hf_!19sChIJhUhAiKpP0xQRC1prDhIIP60?authuser=0&hl=tr&rclk=1","Havalimanı Otobüs Durağı","·","Atatürk Blv No:99"
"https://www.google.com/maps/place/Nokta+Dura%C4%9F%C4%B1/data=!4m7!3m6!1s0x14d34efc3b7c8da1:0x21cceaae08eef86b!8m2!3d39.9271862!4d32.8471318!16s%2Fg%2F11bycktn7p!19sChIJoY18O_xO0xQRa_juCK7qzCE?authuser=0&hl=tr&rclk=1","Nokta Durağı","",""
"https://www.google.com/maps/place/%C4%B0ncesu+Son+Durak/data=!4m7!3m6!1s0x14d34e520ed7fb2b:0xa2b25f81a6624b48!8m2!3d39.9223771!4d32.8645142!16s%2Fg%2F11c1rddxtl!19sChIJK_vXDlJO0xQRSEtipoFfsqI?authuser=0&hl=tr&rclk=1","İncesu Son Durak","",""
"https://www.google.com/maps/place/40.+Durak/data=!4m7!3m6!1s0x14d35a59a53a0c81:0xfafc1cbada8ff56e!8m2!3d39.829398!4d32.947403!16s%2Fg%2F11b7p_2x4r!19sChIJgQw6pVla0xQRbvWP2roc_Po?authuser=0&hl=tr&rclk=1","40. Durak","",""
"https://www.google.com/maps/place/Bah%C3%A7elievler+Cami/data=!4m7!3m6!1s0x14d34f234364b851:0x2038edc33b1eefd!8m2!3d39.9219008!4d32.8262719!16s%2Fg%2F11c0wldmz3!19sChIJUbhkQyNP0xQR_e6xM9yOAwI?authuser=0&hl=tr&rclk=1","Bahçelievler Cami","·","Aşkabat Cd. No:23"
"https://www.google.com/maps/place/Tobb+%C3%9Cniversitesi/data=!4m7!3m6!1s0x14d348c82c23cb9f:0x57da79ce1d05a0a9!8m2!3d39.92102!4d32.79966!16s%2Fg%2F11b7q67fhd!19sChIJn8sjLMhI0xQRqaAFHc552lc?authuser=0&hl=tr&rclk=1","Tobb Üniversitesi","·","Söğütözü Caddesi"
"https://www.google.com/maps/place/35.+Durak/data=!4m7!3m6!1s0x14d35a8a50a63ce1:0x4e3a39d8d81ea039!8m2!3d39.841309!4d32.941638!16s%2Fg%2F11bycj265d!19sChIJ4TymUIpa0xQROaAe2Ng5Ok4?authuser=0&hl=tr&rclk=1","35. Durak","",""
"https://www.google.com/maps/place/Yakupabdal+Sondurak/data=!4m7!3m6!1s0x14d35a5c6bca7bfd:0xcefb335315a7037d!8m2!3d39.832242!4d32.950743!16s%2Fg%2F11b7qf3l00!19sChIJ_XvKa1xa0xQRfQOnFVMz-84?authuser=0&hl=tr&rclk=1","Yakupabdal Sondurak","",""
"https://www.google.com/maps/place/Vedat+Dalokay+Son+Durak/data=!4m7!3m6!1s0x14d34fc122551a11:0x4be49ab70d2a2258!8m2!3d39.8990152!4d32.8796137!16s%2Fg%2F11b7q93qxp!19sChIJERpVIsFP0xQRWCIqDbea5Es?authuser=0&hl=tr&rclk=1","Vedat Dalokay Son Durak","·","Vedat Dalokay Cd."
"https://www.google.com/maps/place/Be%C5%9Fevler+Hareket+Noktas%C4%B1/data=!4m7!3m6!1s0x14d34edf1e92acdb:0x30822b3ab5d2828!8m2!3d39.9324348!4d32.8273007!16s%2Fg%2F11b7q8dcmx!19sChIJ26ySHt9O0xQRKChdq7MiCAM?authuser=0&hl=tr&rclk=1","Beşevler Hareket Noktası","·","Bahriye Üçok Cd."
"https://www.google.com/maps/place/Z%C3%BCbeyde+Han%C4%B1m+Yurt+M%C3%BCd%C3%BCrl%C3%BC%C4%9F%C3%BC/data=!4m7!3m6!1s0x14d34f2ede07ff15:0x5e31ffeaba369e03!8m2!3d39.9280484!4d32.8165558!16s%2Fg%2F11c54gqmbm!19sChIJFf8H3i5P0xQRA542uur_MV4?authuser=0&hl=tr&rclk=1","Zübeyde Hanım Yurt Müdürlüğü","",""
"https://www.google.com/maps/place/36.+Durak/data=!4m7!3m6!1s0x14d35a61cceaa635:0x4bdf60a99277f806!8m2!3d39.840069!4d32.944732!16s%2Fg%2F11b7q64kv0!19sChIJNabqzGFa0xQRBvh3kqlg30s?authuser=0&hl=tr&rclk=1","36. Durak","",""
"https://www.google.com/maps/place/G%C3%BCvenpark/data=!4m7!3m6!1s0x14d34faa7ea4e99d:0x4d3a3a13421c99d0!8m2!3d39.919312!4d32.853902!16s%2Fg%2F11c1rf7mhv!19sChIJnemkfqpP0xQR0JkcQhM6Ok0?authuser=0&hl=tr&rclk=1","Güvenpark","",""
"https://www.google.com/maps/place/S%C4%B1hhiye/data=!4m7!3m6!1s0x14d34e57c301e819:0xcb2b10088606939!8m2!3d39.9295826!4d32.8544081!16s%2Fg%2F11c54c3wz0!19sChIJGegBw1dO0xQROWlgiACxsgw?authuser=0&hl=tr&rclk=1","Sıhhiye","",""
"https://www.google.com/maps/place/Otob%C3%BCs+Dura%C4%9F%C4%B1/data=!4m7!3m6!1s0x14d33ecea1ce227f:0x477bb3b10b11d4a6!8m2!3d39.868739!4d32.657368!16s%2Fg%2F11b7q1qt2q!19sChIJfyLOoc4-0xQRptQRC7Gze0c?authuser=0&hl=tr&rclk=1","Otobüs Durağı","·","3036. Cd."
"https://www.google.com/maps/place/Bah%C3%A7elievler/data=!4m7!3m6!1s0x14d34f2f1f8dd047:0xea8d0b1eb29c7e50!8m2!3d39.9281501!4d32.817166!16s%2Fg%2F11b7q72wn8!19sChIJR9CNHy9P0xQRUH6csh4Ljeo?authuser=0&hl=tr&rclk=1","Bahçelievler","",""
"https://www.google.com/maps/place/Otob%C3%BCs+Dura%C4%9F%C4%B1/data=!4m7!3m6!1s0x14d338f20ecb90e3:0x9501120dd28864c2!8m2!3d39.890908!4d32.690851!16s%2Fg%2F11b7q309sf!19sChIJ45DLDvI40xQRwmSI0g0SAZU?authuser=0&hl=tr&rclk=1","Otobüs Durağı","·","Ankaralılar Cd."
"https://www.google.com/maps/place/Karata%C5%9F+K%C3%B6y%C3%BC+Son+Durak/data=!4m7!3m6!1s0x14d344b5c1bf4bf1:0x2b385f2b87c88928!8m2!3d39.81571!4d32.89421!16s%2Fg%2F11byclhwv6!19sChIJ8Uu_wbVE0xQRKInIhytfOCs?authuser=0&hl=tr&rclk=1","Karataş Köyü Son Durak","·","Karataş Yolu"
"https://www.google.com/maps/place/Me%C5%9Frutiyet+Caddesi/data=!4m7!3m6!1s0x14d34fabaffe7ef3:0xd78f4f615d7b9cab!8m2!3d39.9179253!4d32.857128!16s%2Fg%2F11b7q7ymqw!19sChIJ837-r6tP0xQRq5x7XWFPj9c?authuser=0&hl=tr&rclk=1","Meşrutiyet Caddesi","·","Meşrutiyet Cd."
"https://www.google.com/maps/place/D%C3%B6rtevler/data=!4m7!3m6!1s0x14d340a719668145:0xe79f693368000ba5!8m2!3d39.84112!4d32.72059!16s%2Fg%2F11b7q308zz!19sChIJRYFmGadA0xQRpQsAaDNpn-c?authuser=0&hl=tr&rclk=1","Dörtevler","·","Güneyce Çay Sitesi Yolu"
"https://www.google.com/maps/place/Anadolu+Meydan%C4%B1/data=!4m7!3m6!1s0x14d34ee5bd1223bb:0xca6126bc731cb7e0!8m2!3d39.93454!4d32.83872!16s%2Fg%2F11b7p_mft5!19sChIJuyMSveVO0xQR4Lccc7wmYco?authuser=0&hl=tr&rclk=1","Anadolu Meydanı","·","anitkabir gidis"
"https://www.google.com/maps/place/35.+Durak/data=!4m7!3m6!1s0x14d34ede5741ba1d:0xcc124ece50b748bb!8m2!3d39.932732!4d32.828466!16s%2Fg%2F11b7qdwjnl!19sChIJHbpBV95O0xQRu0i3UM5OEsw?authuser=0&hl=tr&rclk=1","35. Durak","·","Dögol Cd."
"https://www.google.com/maps/place/Otob%C3%BCs+Dura%C4%9F%C4%B1/data=!4m7!3m6!1s0x14d338b64f206c7d:0x2aadbf98180d006c!8m2!3d39.867365!4d32.697394!16s%2Fg%2F11byckmbsl!19sChIJfWwgT7Y40xQRbAANGJi_rSo?authuser=0&hl=tr&rclk=1","Otobüs Durağı","·","2770. Sk."
"https://www.google.com/maps/place/Odt%C3%BC+Kimya+M%C3%BChendisli%C4%9Fi+B%C3%B6l%C3%BCm%C3%BC+Otob%C3%BCs+Dura%C4%9F%C4%B1/data=!4m7!3m6!1s0x14d34640fbb0e279:0xe5ca7ccaf0a6df2e!8m2!3d39.887332!4d32.782587!16s%2Fg%2F11b7q6rljl!19sChIJeeKw-0BG0xQRLt-m8Mp8yuU?authuser=0&hl=tr&rclk=1","Odtü Kimya Mühendisliği Bölümü Otobüs Durağı","·","ODTÜ Kampüsü"
"https://www.google.com/maps/place/Pazar+Yeri/data=!4m7!3m6!1s0x14d34f4e2b76d391:0x7b49acbd10f532d9!8m2!3d39.9062755!4d32.8167298!16s%2Fg%2F11b7q469tf!19sChIJkdN2K05P0xQR2TL1EL2sSXs?authuser=0&hl=tr&rclk=1","Pazar Yeri","·","Ziyabey Cd."
"https://www.google.com/maps/place/Otob%C3%BCs+Dura%C4%9F%C4%B1/data=!4m7!3m6!1s0x14d33e59bbb5645b:0x6151f749b42301c3!8m2!3d39.83282!4d32.659796!16s%2Fg%2F11bycklmqs!19sChIJW2S1u1k-0xQRwwEjtEn3UWE?authuser=0&hl=tr&rclk=1","Otobüs Durağı","·","3460. Sk"
"https://www.google.com/maps/place/Tesviyeciler+Dura%C4%9F%C4%B1/data=!4m7!3m6!1s0x14d34e927c2e7fc1:0x8b262051f92999c0!8m2!3d39.94632!4d32.84214!16s%2Fg%2F11c49r09x0!19sChIJwX8ufJJO0xQRwJkp-VEgJos?authuser=0&hl=tr&rclk=1","Tesviyeciler Durağı","",""
"https://www.google.com/maps/place/A%C5%9Fti/data=!4m7!3m6!1s0x14d34f35d0958721:0xdd298920627160c5!8m2!3d39.9182244!4d32.813634!16s%2Fg%2F11cs1sdxvg!19sChIJIYeV0DVP0xQRxWBxYiCJKd0?authuser=0&hl=tr&rclk=1","Aşti","",""
"https://www.google.com/maps/place/Ankara+Y%C3%BCksek+H%C4%B1zl%C4%B1+Tren+Gar%C4%B1/data=!4m7!3m6!1s0x14d34ee556d5bf35:0xc9d9b766797679b8!8m2!3d39.9345711!4d32.841855!16s%2Fg%2F11bycfw2h8!19sChIJNb_VVuVO0xQRuHl2eWa32ck?authuser=0&hl=tr&rclk=1","Ankara Yüksek Hızlı Tren Garı","·","Celal Bayar Blv."
"https://www.google.com/maps/place/%C3%87ar%C5%9F%C4%B1+Dura%C4%9F%C4%B1/data=!4m7!3m6!1s0x14d33eb0cc6fce19:0x42ac866895835051!8m2!3d39.869718!4d32.644361!16s%2Fg%2F11h4kwdfrr!19sChIJGc5vzLA-0xQRUVCDlWiGrEI?authuser=0&hl=tr&rclk=1","Çarşı Durağı","",""
"https://www.google.com/maps/place/%C3%96ve%C3%A7ler+Vadisi/data=!4m7!3m6!1s0x14d34f5e27613121:0x1a40bd7d39ef178a!8m2!3d39.8953826!4d32.83105!16s%2Fg%2F11b7q6w1yk!19sChIJITFhJ15P0xQRihfvOX29QBo?authuser=0&hl=tr&rclk=1","Öveçler Vadisi","·","Çetin Emeç Blv"
"https://www.google.com/maps/place/Otob%C3%BCs+Dura%C4%9F%C4%B1/data=!4m7!3m6!1s0x14d338cf2835d329:0xe4500b1f273481fd!8m2!3d39.870404!4d32.689349!16s%2Fg%2F11b7q5v9kn!19sChIJKdM1KM840xQR_YE0Jx8LUOQ?authuser=0&hl=tr&rclk=1","Otobüs Durağı","·","2844. Sk."
"https://www.google.com/maps/place/Silahtar+Caddesi+1.+Durak/data=!4m7!3m6!1s0x14d348d80043ec55:0x53b0a1d63a105617!8m2!3d39.939963!4d32.797051!16s%2Fg%2F11h1mkzcd1!19sChIJVexDANhI0xQRF1YQOtahsFM?authuser=0&hl=tr&rclk=1","Silahtar Caddesi 1. Durak","",""
"https://www.google.com/maps/place/45.+Durak/data=!4m7!3m6!1s0x14d34926600ed7f5:0xc883604ecc09c859!8m2!3d39.944199!4d32.794399!16s%2Fg%2F11b7q6v9vc!19sChIJ9dcOYCZJ0xQRWcgJzE5gg8g?authuser=0&hl=tr&rclk=1","45. Durak","·","Cumhurbaşkanlığı Blv"
"https://www.google.com/maps/place/Vedat+Dalokay+Son+Durak/data=!4m7!3m6!1s0x14d34fc13d353d45:0x44d6b0e10d4e8331!8m2!3d39.89877!4d32.87966!16s%2Fg%2F11c1qrtxss!19sChIJRT01PcFP0xQRMYNODeGw1kQ?authuser=0&hl=tr&rclk=1","Vedat Dalokay Son Durak","",""
"https://www.google.com/maps/place/Ku%C4%9Fulu+Park/data=!4m7!3m6!1s0x14d34fa2402f906f:0x1c852f55663133ba!8m2!3d39.902356!4d32.8608!16s%2Fg%2F11b7q0b2rr!19sChIJb5AvQKJP0xQRujMxZlUvhRw?authuser=0&hl=tr&rclk=1","Kuğulu Park","",""
"https://www.google.com/maps/place/Anadolu+Meydan%C4%B1/data=!4m7!3m6!1s0x14d34ee6777aa105:0x66069d3de2f4d2c8!8m2!3d39.9348707!4d32.8364579!16s%2Fg%2F11b7qdwmvn!19sChIJBaF6d-ZO0xQRyNL04j2dBmY?authuser=0&hl=tr&rclk=1","Anadolu Meydanı","·","Dögol Cd."
"https://www.google.com/maps/place/K%C4%B1z%C4%B1lay/data=!4m7!3m6!1s0x14d34e55915b9d65:0xdb597a74cd1c1657!8m2!3d39.92476!4d32.85456!16s%2Fg%2F11cs1b_fmk!19sChIJZZ1bkVVO0xQRVxYczXR6Wds?authuser=0&hl=tr&rclk=1","Kızılay","",""
"https://www.google.com/maps/place/G%C3%BCvenpark+Minib%C3%BCs+Dura%C4%9F%C4%B1/data=!4m7!3m6!1s0x14d34f00921c3839:0x2f59e5050611018c!8m2!3d39.919382!4d32.852499!16s%2Fg%2F1tdf_yz1!19sChIJOTgckgBP0xQRjAERBgXlWS8?authuser=0&hl=tr&rclk=1","Güvenpark Minibüs Durağı","Kapalı","⋅ Açılış zamanı: Çar 00:55"
"https://www.google.com/maps/place/Otel+Dura%C4%9F%C4%B1/data=!4m7!3m6!1s0x14d34ef5194c2013:0x7866c3bc0e7fb558!8m2!3d39.93976!4d32.85116!16s%2Fg%2F11c49950pj!19sChIJEyBMGfVO0xQRWLV_DrzDZng?authuser=0&hl=tr&rclk=1","Otel Durağı","",""
"https://www.google.com/maps/place/Gazi+Orduevi+Dura%C4%9F%C4%B1/data=!4m7!3m6!1s0x14d348c3902713db:0xa534b672bf4a5d56!8m2!3d39.92969!4d32.79081!16s%2Fg%2F11cp6brbg2!19sChIJ2xMnkMNI0xQRVl1Kv3K2NKU?authuser=0&hl=tr&rclk=1","Gazi Orduevi Durağı","",""
"https://www.google.com/maps/place/Otob%C3%BCs+Dura%C4%9F%C4%B1/data=!4m7!3m6!1s0x14d343e744705887:0xd7932fda038ce6a7!8m2!3d39.80595!4d32.815116!16s%2Fg%2F11b7q7dvm3!19sChIJh1hwROdD0xQRp-aMA9ovk9c?authuser=0&hl=tr&rclk=1","Otobüs Durağı","·","832. Sk."
"https://www.google.com/maps/place/1.+Durak/data=!4m7!3m6!1s0x14d34f2c04e23bcb:0x48eb3d18f017d84d!8m2!3d39.929562!4d32.81357!16s%2Fg%2F11b7q82hfp!19sChIJyzviBCxP0xQRTdgX8Bg960g?authuser=0&hl=tr&rclk=1","1. Durak","·","Alparslan Türkeş Cd."
"https://www.google.com/maps/place/Atatepe+Sitesi/data=!4m7!3m6!1s0x14d348b6eabed781:0x5a64b069efdb9f37!8m2!3d39.916693!4d32.8014108!16s%2Fg%2F11bycjg4n6!19sChIJgde-6rZI0xQRN5_b72mwZFo?authuser=0&hl=tr&rclk=1","Atatepe Sitesi","·","Söğütözü Cd."
"https://www.google.com/maps/place/Balgat+K%C3%B6pr%C3%BCs%C3%BC/data=!4m7!3m6!1s0x14d345ff3217f5fb:0xf3152975fb9c9fcb!8m2!3d39.896023!4d32.813778!16s%2Fg%2F11bycfml74!19sChIJ-_UXMv9F0xQRy5-c-3UpFfM?authuser=0&hl=tr&rclk=1","Balgat Köprüsü","·","Mevlana Blv."
"https://www.google.com/maps/place/Cumhurba%C5%9Fkanl%C4%B1%C4%9F%C4%B1/data=!4m7!3m6!1s0x14d348cf5afdcea9:0xfdd7ab1cbacc3f31!8m2!3d39.9232672!4d32.7992475!16s%2Fg%2F11b7q7jdkp!19sChIJqc79Ws9I0xQRMT_Muhyr1_0?authuser=0&hl=tr&rclk=1","Cumhurbaşkanlığı","·","06560"
"https://www.google.com/maps/place/%C3%87ankaya+Lisesi/data=!4m7!3m6!1s0x14d3458004f92ddb:0x5136c988c5953d2e!8m2!3d39.88484!4d32.85307!16s%2Fg%2F11cp6vdn5h!19sChIJ2y35BIBF0xQRLj2VxYjJNlE?authuser=0&hl=tr&rclk=1","Çankaya Lisesi","",""
"","","",""